Workbook

Sheet Invullijst
B1: INVULLIJST WK2026
B3: Let op: U moet het dropdown-menu gebruiken waarmee landen geselecteerd kunnen worden!
B4: Deze lijst mag vervolgens verstuurd worden naar lagerweykevin@hotmail.com of tychoberndt@hotmail.com
B7: Plaats | C7: Land | D7: Waarde | F7: Bonusvragen | G7: Antwoord
B8: 1 | D8: 120 | F8: Aantal gele kaarten | G8: 100
B9: 2 | D9: 110 | F9: Aantal rode kaarten | G9: 5
B10: 3 | D10: 100 | F10: Aantal doelpunten | G10: 74
B11: 4 | D11: 95 | F11: Topscoorder WK2026 | G11: Wout Weghorst
B12: 5 | D12: 90
B13: 6 | D13: 85
B14: 7 | D14: 80
B15: 8 | D15: 75
B16: 9 | D16: 70
B17: 10 | D17: 66
B18: 11 | D18: 62
B19: 12 | D19: 58
B20: 13 | D20: 55
B21: 14 | D21: 52
B22: 15 | D22: 49
B23: 16 | D23: 46
... B55: 48 | D55: 0

Sheet Landen
A1: Land
A2: Algerije | B2: =IF(D2="",0,1) -> 1 | C2: =IF(B2=0,"",SUM(B$2:B2)) -> 1 | D2: =IF(COUNTIF(Invullijst!C:C,A2)>=1,"",A2) -> Algerije | E2: 1 | F2: =IFERROR(VLOOKUP(E2,$C$2:$D$49,2,0),"") -> Algerije
A3: Argentinië | B3: =IF(D3="",0,1) -> 1 | C3: =IF(B3=0,"",SUM(B$2:B3)) -> 2 | D3: =IF(COUNTIF(Invullijst!C:C,A3)>=1,"",A3) -> Argentinië | E3: 2 | F3: =IFERROR(VLOOKUP(E3,$C$2:$D$49,2,0),"") -> Argentinië
A4: Australië | B4: =IF(D4="",0,1) -> 1 | C4: =IF(B4=0,"",SUM(B$2:B4)) -> 3 | D4: =IF(COUNTIF(Invullijst!C:C,A4)>=1,"",A4) -> Australië | E4: 3 | F4: =IFERROR(VLOOKUP(E4,$C$2:$D$49,2,0),"") -> Australië
A5: België | B5: =IF(D5="",0,1) -> 1 | C5: =IF(B5=0,"",SUM(B$2:B5)) -> 4 | D5: =IF(COUNTIF(Invullijst!C:C,A5)>=1,"",A5) -> België | E5: 4 | F5: =IFERROR(VLOOKUP(E5,$C$2:$D$49,2,0),"") -> België
A6: Bosnië en Herzegovina | B6: =IF(D6="",0,1) -> 1 | C6: =IF(B6=0,"",SUM(B$2:B6)) -> 5 | D6: =IF(COUNTIF(Invullijst!C:C,A6)>=1,"",A6) -> Bosnië en Herzegovina | E6: 5 | F6: =IFERROR(VLOOKUP(E6,$C$2:$D$49,2,0),"") -> Bosnië en Herzegovina
A7: Brazilië | B7: =IF(D7="",0,1) -> 1 | C7: =IF(B7=0,"",SUM(B$2:B7)) -> 6 | D7: =IF(COUNTIF(Invullijst!C:C,A7)>=1,"",A7) -> Brazilië | E7: 6 | F7: =IFERROR(VLOOKUP(E7,$C$2:$D$49,2,0),"") -> Brazilië
A8: Canada | B8: =IF(D8="",0,1) -> 1 | C8: =IF(B8=0,"",SUM(B$2:B8)) -> 7 | D8: =IF(COUNTIF(Invullijst!C:C,A8)>=1,"",A8) -> Canada | E8: 7 | F8: =IFERROR(VLOOKUP(E8,$C$2:$D$49,2,0),"") -> Canada
A9: Colombia | B9: =IF(D9="",0,1) -> 1 | C9: =IF(B9=0,"",SUM(B$2:B9)) -> 8 | D9: =IF(COUNTIF(Invullijst!C:C,A9)>=1,"",A9) -> Colombia | E9: 8 | F9: =IFERROR(VLOOKUP(E9,$C$2:$D$49,2,0),"") -> Colombia
A10: Congo | B10: =IF(D10="",0,1) -> 1 | C10: =IF(B10=0,"",SUM(B$2:B10)) -> 9 | D10: =IF(COUNTIF(Invullijst!C:C,A10)>=1,"",A10) -> Congo | E10: 9 | F10: =IFERROR(VLOOKUP(E10,$C$2:$D$49,2,0),"") -> Congo
A11: Curaçao | B11: =IF(D11="",0,1) -> 1 | C11: =IF(B11=0,"",SUM(B$2:B11)) -> 10 | D11: =IF(COUNTIF(Invullijst!C:C,A11)>=1,"",A11) -> Curaçao | E11: 10 | F11: =IFERROR(VLOOKUP(E11,$C$2:$D$49,2,0),"") -> Curaçao
A12: Duitsland | B12: =IF(D12="",0,1) -> 1 | C12: =IF(B12=0,"",SUM(B$2:B12)) -> 11 | D12: =IF(COUNTIF(Invullijst!C:C,A12)>=1,"",A12) -> Duitsland | E12: 11 | F12: =IFERROR(VLOOKUP(E12,$C$2:$D$49,2,0),"") -> Duitsland
A13: Ecuador | B13: =IF(D13="",0,1) -> 1 | C13: =IF(B13=0,"",SUM(B$2:B13)) -> 12 | D13: =IF(COUNTIF(Invullijst!C:C,A13)>=1,"",A13) -> Ecuador | E13: 12 | F13: =IFERROR(VLOOKUP(E13,$C$2:$D$49,2,0),"") -> Ecuador
... A49: Zwitserland | B49: =IF(D49="",0,1) -> 1 | C49: =IF(B49=0,"",SUM(B$2:B49)) -> 48 | D49: =IF(COUNTIF(Invullijst!C:C,A49)>=1,"",A49) -> Zwitserland | E49: 48 | F49: =IFERROR(VLOOKUP(E49,$C$2:$D$49,2,0),"") -> Zwitserland
